[
{
  "model": "movies.certificate",
  "pk": "13868e20-9edb-45db-bcd3-5dedf3bbd611",
  "fields": {
    "created": "2021-08-15T12:13:39.043Z",
    "modified": "2021-08-15T12:13:39.043Z",
    "name": "18+",
    "description": "Только для взрослых"
  }
},
{
  "model": "movies.certificate",
  "pk": "15b089db-79fe-4f50-920f-e5b683b37fe1",
  "fields": {
    "created": "2021-08-15T12:13:28.396Z",
    "modified": "2021-08-15T12:13:28.396Z",
    "name": "16+",
    "description": "Подросткам"
  }
},
{
  "model": "movies.certificate",
  "pk": "4368e669-e399-468d-bf11-41f2015c97de",
  "fields": {
    "created": "2021-08-15T12:12:59.746Z",
    "modified": "2021-08-15T12:12:59.746Z",
    "name": "0+",
    "description": "Всем!"
  }
},
{
  "model": "movies.certificate",
  "pk": "64b4f4da-fb46-415b-84b7-b0ae51a069f9",
  "fields": {
    "created": "2021-08-15T12:13:11.559Z",
    "modified": "2021-08-15T12:13:11.559Z",
    "name": "6+",
    "description": "Для детей"
  }
},
{
  "model": "movies.genre",
  "pk": "09b9748c-e01d-4e7a-9649-d9e88d72794d",
  "fields": {
    "created": "2021-08-15T12:14:12.942Z",
    "modified": "2021-08-15T12:14:12.942Z",
    "name": "Экшн",
    "description": ""
  }
},
{
  "model": "movies.genre",
  "pk": "1f3618f2-ec34-4710-bf64-88828370a5ad",
  "fields": {
    "created": "2021-08-15T12:14:06.044Z",
    "modified": "2021-08-15T12:14:06.044Z",
    "name": "Драмма",
    "description": ""
  }
},
{
  "model": "movies.genre",
  "pk": "db4a968e-4581-4328-8b45-af5affa00899",
  "fields": {
    "created": "2021-08-15T12:14:18.110Z",
    "modified": "2021-08-15T12:14:18.110Z",
    "name": "Комедия",
    "description": ""
  }
},
{
  "model": "movies.genre",
  "pk": "f16cef40-9c23-4768-8fcc-8654fb45ae5a",
  "fields": {
    "created": "2021-08-15T12:14:36.265Z",
    "modified": "2021-08-15T12:14:36.265Z",
    "name": "Документальный",
    "description": ""
  }
},
{
  "model": "movies.person",
  "pk": "0e5c3718-101d-47aa-93be-f8a88eedada2",
  "fields": {
    "created": "2021-08-15T12:18:15.570Z",
    "modified": "2021-08-15T12:18:15.570Z",
    "full_name": "Лайн Рени",
    "birth_date": null,
    "gender": "female"
  }
},
{
  "model": "movies.person",
  "pk": "1d2ef28e-c904-45ac-b9da-96020d964a82",
  "fields": {
    "created": "2021-08-15T12:27:52.228Z",
    "modified": "2021-08-15T12:27:52.228Z",
    "full_name": "Айла Джонстон",
    "birth_date": null,
    "gender": "female"
  }
},
{
  "model": "movies.person",
  "pk": "1ff95450-ac32-4c6e-8cc4-a14d59b3b9ad",
  "fields": {
    "created": "2021-08-15T12:26:20.197Z",
    "modified": "2021-08-15T12:26:20.197Z",
    "full_name": "Аллан Скотт",
    "birth_date": null,
    "gender": "male"
  }
},
{
  "model": "movies.person",
  "pk": "4cdd16fd-1711-4b58-8127-48789e3d4077",
  "fields": {
    "created": "2021-08-15T12:17:47.220Z",
    "modified": "2021-08-15T12:17:47.220Z",
    "full_name": "Мэттью МакКонахи",
    "birth_date": null,
    "gender": "male"
  }
},
{
  "model": "movies.person",
  "pk": "50c75a9f-f21a-406a-8540-43c2acc483a0",
  "fields": {
    "created": "2021-08-15T12:27:37.131Z",
    "modified": "2021-08-15T12:27:37.131Z",
    "full_name": "Моусес Ингрэм",
    "birth_date": null,
    "gender": "female"
  }
},
{
  "model": "movies.person",
  "pk": "61bb487a-55c2-4604-ac3f-d10c0e25934b",
  "fields": {
    "created": "2021-08-15T12:17:38.022Z",
    "modified": "2021-08-15T12:17:38.022Z",
    "full_name": "Айван Эткинсон",
    "birth_date": null,
    "gender": "male"
  }
},
{
  "model": "movies.person",
  "pk": "72379aa7-15c7-434c-b5a1-7680b5c1f71d",
  "fields": {
    "created": "2021-08-15T12:26:02.663Z",
    "modified": "2021-08-15T12:26:02.663Z",
    "full_name": "Скотт Фрэнк",
    "birth_date": null,
    "gender": "male"
  }
},
{
  "model": "movies.person",
  "pk": "7aade454-2815-4819-9ddf-d32c62499cf2",
  "fields": {
    "created": "2021-08-15T12:17:57.661Z",
    "modified": "2021-08-15T12:17:57.661Z",
    "full_name": "Чарли Ханнэм",
    "birth_date": null,
    "gender": "male"
  }
},
{
  "model": "movies.person",
  "pk": "9050905e-3671-4af3-8e5b-34ed5d9c66c1",
  "fields": {
    "created": "2021-08-15T12:18:06.974Z",
    "modified": "2021-08-15T12:18:06.974Z",
    "full_name": "Колин Фаррелл",
    "birth_date": null,
    "gender": "male"
  }
},
{
  "model": "movies.person",
  "pk": "bba53c92-4468-4a76-8781-2f9d5451d748",
  "fields": {
    "created": "2021-08-15T12:27:19.389Z",
    "modified": "2021-08-15T12:27:19.389Z",
    "full_name": "Мариэль Хеллер",
    "birth_date": null,
    "gender": "female"
  }
},
{
  "model": "movies.person",
  "pk": "f84bb908-76eb-4dda-88ff-563aef71d642",
  "fields": {
    "created": "2021-08-15T12:27:05.131Z",
    "modified": "2021-08-15T12:27:05.131Z",
    "full_name": "Аня Тейлор-Джой",
    "birth_date": null,
    "gender": "female"
  }
},
{
  "model": "movies.person",
  "pk": "fa61464d-7e8a-459b-bb3a-6a3ed9762bc0",
  "fields": {
    "created": "2021-08-15T12:17:10.328Z",
    "modified": "2021-08-15T12:17:10.328Z",
    "full_name": "Гай Ричи",
    "birth_date": null,
    "gender": "male"
  }
},
{
  "model": "movies.movietype",
  "pk": "40e6d8cd-4b2e-46df-87d7-f015543c229e",
  "fields": {
    "created": "2021-08-15T12:15:44.239Z",
    "modified": "2021-08-15T12:15:44.239Z",
    "name": "фильм"
  }
},
{
  "model": "movies.movietype",
  "pk": "6c827bf4-99c5-4e1d-8537-be512c92ad0e",
  "fields": {
    "created": "2021-08-15T12:15:51.094Z",
    "modified": "2021-08-15T12:15:51.094Z",
    "name": "сериал"
  }
},
{
  "model": "movies.movie",
  "pk": "1fe58269-b3c1-4368-8a61-4a2318fc75ec",
  "fields": {
    "created": "2021-08-15T12:19:49.301Z",
    "modified": "2021-08-15T12:19:49.301Z",
    "title": "Джентльмены",
    "description": "Успешное возвращение Гая Ричи к корням — острая и живая криминальная комедия с блестящим актёрским составом",
    "imdb_identifier": "",
    "creation_date": "2019-12-03",
    "file_path": "",
    "rating": 8.5,
    "type": "40e6d8cd-4b2e-46df-87d7-f015543c229e",
    "certificate": "15b089db-79fe-4f50-920f-e5b683b37fe1"
  }
},
{
  "model": "movies.movie",
  "pk": "39190fea-1969-40a5-b2fc-9bece2b0e152",
  "fields": {
    "created": "2021-08-15T12:25:41.492Z",
    "modified": "2021-08-15T12:28:03.880Z",
    "title": "Ход королевы",
    "description": "Штат Кентукки, 1957 год. После смерти матери 9-летняя Элизабет Хармон остаётся сиротой и отправляется в католический приют. В этом заведении детям регулярно дают «витамины», и по совету другой подопечной Бет оставляет зелёные капсулы на ночь. Там же девочка знакомится с пожилым уборщиком Шайбелем, которого просит научить её играть в шахматы. Днём, сбежав со скучных занятий под предлогом помыть тряпку, Бет играет с мистером Шайбелем в его подвальной подсобке, а ночью, приняв зелёную капсулу, прокручивает шахматные партии на потолке общей спальни. Через несколько лет девочку удочерят, у неё начнётся совсем другая жизнь, но главную роль в ней будет играть любовь к шахматам.",
    "imdb_identifier": "",
    "creation_date": "2020-10-23",
    "file_path": "",
    "rating": 8.3,
    "type": "6c827bf4-99c5-4e1d-8537-be512c92ad0e",
    "certificate": "13868e20-9edb-45db-bcd3-5dedf3bbd611"
  }
},
{
  "model": "movies.moviegenre",
  "pk": "43c65bf0-04ab-4333-9244-cca689f2546f",
  "fields": {
    "created": "2021-08-15T12:25:41.519Z",
    "movie": "39190fea-1969-40a5-b2fc-9bece2b0e152",
    "genre": "1f3618f2-ec34-4710-bf64-88828370a5ad"
  }
},
{
  "model": "movies.moviegenre",
  "pk": "ed81e9eb-ff1b-4d73-be42-a139426e175e",
  "fields": {
    "created": "2021-08-15T12:19:49.372Z",
    "movie": "1fe58269-b3c1-4368-8a61-4a2318fc75ec",
    "genre": "09b9748c-e01d-4e7a-9649-d9e88d72794d"
  }
},
{
  "model": "movies.personrole",
  "pk": "641072a2-e86f-4d3b-9d9f-cdedeeee800c",
  "fields": {
    "created": "2021-08-15T12:15:33.677Z",
    "modified": "2021-08-15T12:15:33.677Z",
    "name": "сценарист",
    "description": ""
  }
},
{
  "model": "movies.personrole",
  "pk": "7dd3c469-15c4-43e7-a631-53ddadabc88a",
  "fields": {
    "created": "2021-08-15T12:15:21.807Z",
    "modified": "2021-08-15T12:15:21.807Z",
    "name": "актёр",
    "description": ""
  }
},
{
  "model": "movies.personrole",
  "pk": "87c0b392-f145-46b2-92ef-0a2e14890a21",
  "fields": {
    "created": "2021-08-15T12:15:28.047Z",
    "modified": "2021-08-15T12:15:28.047Z",
    "name": "режисёр",
    "description": ""
  }
},
{
  "model": "movies.moviepersonrole",
  "pk": "324585f3-6a59-4ee6-b629-fe015e1a84d6",
  "fields": {
    "created": "2021-08-15T12:28:03.887Z",
    "movie": "39190fea-1969-40a5-b2fc-9bece2b0e152",
    "person": "1d2ef28e-c904-45ac-b9da-96020d964a82",
    "person_role": "7dd3c469-15c4-43e7-a631-53ddadabc88a"
  }
},
{
  "model": "movies.moviepersonrole",
  "pk": "33f2275b-d5bd-4909-8c55-fa86dc87fe26",
  "fields": {
    "created": "2021-08-15T12:28:03.885Z",
    "movie": "39190fea-1969-40a5-b2fc-9bece2b0e152",
    "person": "bba53c92-4468-4a76-8781-2f9d5451d748",
    "person_role": "7dd3c469-15c4-43e7-a631-53ddadabc88a"
  }
},
{
  "model": "movies.moviepersonrole",
  "pk": "4a43c687-b53f-4d38-b16c-136066c3ede4",
  "fields": {
    "created": "2021-08-15T12:28:03.884Z",
    "movie": "39190fea-1969-40a5-b2fc-9bece2b0e152",
    "person": "f84bb908-76eb-4dda-88ff-563aef71d642",
    "person_role": "7dd3c469-15c4-43e7-a631-53ddadabc88a"
  }
},
{
  "model": "movies.moviepersonrole",
  "pk": "6c2c6509-cdf1-4499-b5a9-3f8c82c1d6ee",
  "fields": {
    "created": "2021-08-15T12:28:03.886Z",
    "movie": "39190fea-1969-40a5-b2fc-9bece2b0e152",
    "person": "50c75a9f-f21a-406a-8540-43c2acc483a0",
    "person_role": "7dd3c469-15c4-43e7-a631-53ddadabc88a"
  }
},
{
  "model": "movies.moviepersonrole",
  "pk": "6d840efd-0b9c-49c3-b5a1-0acddb699f5d",
  "fields": {
    "created": "2021-08-15T12:28:03.883Z",
    "movie": "39190fea-1969-40a5-b2fc-9bece2b0e152",
    "person": "1ff95450-ac32-4c6e-8cc4-a14d59b3b9ad",
    "person_role": "641072a2-e86f-4d3b-9d9f-cdedeeee800c"
  }
},
{
  "model": "movies.moviepersonrole",
  "pk": "754a4ab2-4b45-48bb-8978-e2b850ab76a3",
  "fields": {
    "created": "2021-08-15T12:19:49.374Z",
    "movie": "1fe58269-b3c1-4368-8a61-4a2318fc75ec",
    "person": "fa61464d-7e8a-459b-bb3a-6a3ed9762bc0",
    "person_role": "87c0b392-f145-46b2-92ef-0a2e14890a21"
  }
},
{
  "model": "movies.moviepersonrole",
  "pk": "817e4756-a8d9-4788-96b4-3aafacb2d852",
  "fields": {
    "created": "2021-08-15T12:19:49.375Z",
    "movie": "1fe58269-b3c1-4368-8a61-4a2318fc75ec",
    "person": "61bb487a-55c2-4604-ac3f-d10c0e25934b",
    "person_role": "641072a2-e86f-4d3b-9d9f-cdedeeee800c"
  }
},
{
  "model": "movies.moviepersonrole",
  "pk": "839a0b68-ca2c-4098-befe-a50cb535ebf5",
  "fields": {
    "created": "2021-08-15T12:19:49.376Z",
    "movie": "1fe58269-b3c1-4368-8a61-4a2318fc75ec",
    "person": "4cdd16fd-1711-4b58-8127-48789e3d4077",
    "person_role": "7dd3c469-15c4-43e7-a631-53ddadabc88a"
  }
},
{
  "model": "movies.moviepersonrole",
  "pk": "88ccdb01-2e43-440b-965d-b2ab53d4a96f",
  "fields": {
    "created": "2021-08-15T12:19:49.376Z",
    "movie": "1fe58269-b3c1-4368-8a61-4a2318fc75ec",
    "person": "7aade454-2815-4819-9ddf-d32c62499cf2",
    "person_role": "7dd3c469-15c4-43e7-a631-53ddadabc88a"
  }
},
{
  "model": "movies.moviepersonrole",
  "pk": "94115c84-dbb3-4a45-9931-5ca4769d716c",
  "fields": {
    "created": "2021-08-15T12:28:03.883Z",
    "movie": "39190fea-1969-40a5-b2fc-9bece2b0e152",
    "person": "72379aa7-15c7-434c-b5a1-7680b5c1f71d",
    "person_role": "87c0b392-f145-46b2-92ef-0a2e14890a21"
  }
},
{
  "model": "movies.moviepersonrole",
  "pk": "9c005088-ffa5-4b33-8d3c-8d685c314aa9",
  "fields": {
    "created": "2021-08-15T12:19:49.378Z",
    "movie": "1fe58269-b3c1-4368-8a61-4a2318fc75ec",
    "person": "9050905e-3671-4af3-8e5b-34ed5d9c66c1",
    "person_role": "7dd3c469-15c4-43e7-a631-53ddadabc88a"
  }
},
{
  "model": "movies.moviepersonrole",
  "pk": "e214802b-b83d-4989-aeee-152d72e20816",
  "fields": {
    "created": "2021-08-15T12:19:49.379Z",
    "movie": "1fe58269-b3c1-4368-8a61-4a2318fc75ec",
    "person": "0e5c3718-101d-47aa-93be-f8a88eedada2",
    "person_role": "7dd3c469-15c4-43e7-a631-53ddadabc88a"
  }
}
]
